blunt,24
verbose,35
oblique,14
obfuscatory,9
,
total,82
,
,
3.19512195121951,59
166.146341463415,72